[
	{
		"serviceName":"vk",
		"lang":"vk.com",
		"forward":0,
		"price":{
			"73":0,
			"0":0,
			"87":0
		} 
	},
		{
		"serviceName":"zt",
		"lang":"Budweiser",
		"forward":0,
		"price":{
			"73":0,
			"0":0,
			"87":0
		} 
	},
		{
		"serviceName":"gr",
		"lang":"Astropay",
		"forward":0,
		"price":{
			"73":0,
			"0":0,
			"87":0
		} 
	},
		{
		"serviceName":"wx",
		"lang":"Apple",
		"forward":0,
		"price":{
			"73":0,
			"0":0,
			"87":0
		} 
	},
		{
		"serviceName":"ml",
		"lang":"ApostaGanha",
		"forward":0,
		"price":{
			"73":0,
			"0":0,
			"87":0
		} 
	},
		{
		"serviceName":"sy",
		"lang":"Brahma",
		"forward":0,
		"price":{
			"73":0,
			"0":0,
			"87":0
		} 
	},
		{
		"serviceName":"om",
		"lang":"Corona",
		"forward":0,
		"price":{
			"73":0,
			"0":0,
			"87":0
		} 
	},
	{
		"serviceName":"sa",
		"lang":"AgiBank",
		"forward":0,
		"price":{
			"73":0,
			"87":0
		} 
	},

		{
		"serviceName":"et",
		"lang":"Clubhouse",
		"forward":0,
		"price":{
			"73":0,
			"0":0,
			"87":0
		} 
	},
		{
		"serviceName":"ax",
		"lang":"CrefisaMais",
		"forward":0,
		"price":{
			"73":0,
			"0":0,
			"87":0
		} 
	},
		{
		"serviceName":"cj",
		"lang":"Dotz",
		"forward":0,
		"price":{
			"73":0,
			"0":0,
			"87":0
		} 
	},
		{
		"serviceName":"ik",
		"lang":"GuruBets",
		"forward":0,
		"price":{
			"73":0,
			"0":0,
			"87":0
		} 
	},
		{
		"serviceName":"vz",
		"lang":"Hinge",
		"forward":0,
		"price":{
			"73":0,
			"0":0,
			"87":0
		} 
	},
		{
		"serviceName":"dq",
		"lang":"IceCasino",
		"forward":0,
		"price":{
			"73":0,
			"0":0,
			"87":0
		} 
	},
		{
		"serviceName":"ad",
		"lang":"ITI Itau",
		"forward":0,
		"price":{
			"73":0,
			"0":0,
			"87":0
		} 
	},
		{
		"serviceName":"xx",
		"lang":"Joyride",
		"forward":0,
		"price":{
			"73":0,
			"0":0,
			"87":0
		} 
	},
		{
		"serviceName":"ra",
		"lang":"KeyPay",
		"forward":0,
		"price":{
			"73":0,
			"0":0,
			"87":0
		} 
	},
		{
		"serviceName":"vp",
		"lang":"Kwai",
		"forward":0,
		"price":{
			"73":0,
			"0":0,
			"87":0
		} 
	},
		{
		"serviceName":"uy",
		"lang":"Meliuz",
		"forward":0,
		"price":{
			"73":0,
			"0":0,
			"87":0
		} 
	},
		{
		"serviceName":"kx",
		"lang":"Vivo",
		"forward":0,
		"price":{
			"73":0,
			"0":0,
			"87":0
		} 
	},
		{
		"serviceName":"gm",
		"lang":"Mocospace",
		"forward":0,
		"price":{
			"73":0,
			"0":0,
			"87":0
		} 
	},
		{
		"serviceName":"dr",
		"lang":"OpenAI",
		"forward":0,
		"price":{
			"73":0,
			"0":0,
			"87":0
		} 
	},
		{
		"serviceName":"gg",
		"lang":"PagSmile",
		"forward":0,
		"price":{
			"73":0,
			"0":0,
			"87":0
		} 
	},
		{
		"serviceName":"xu",
		"lang":"RecargaPay",
		"forward":0,
		"price":{
			"73":0,
			"0":0,
			"87":0
		} 
	},
		{
		"serviceName":"qf",
		"lang":"RedBook",
		"forward":0,
		"price":{
			"73":0,
			"0":0,
			"87":0
		} 
	},
		{
		"serviceName":"lj",
		"lang":"Santander",
		"forward":0,
		"price":{
			"73":0,
			"0":0,
			"87":0
		} 
	},
			{
		"serviceName":"ky",
		"lang":"SpatenOktoberfest",
		"forward":0,
		"price":{
			"73":0,
			"0":0,
			"87":0
		} 
	},
			{
		"serviceName":"rb",
		"lang":"Tick",
		"forward":0,
		"price":{
			"73":0,
			"0":0,
			"87":0
		} 
	},
			{
		"serviceName":"eb",
		"lang":"Voltz",
		"forward":0,
		"price":{
			"73":0,
			"0":0,
			"87":0
		} 
	},
			{
		"serviceName":"ok",
		"lang":"ok.ru",
		"forward":0,
		"price":{
			"73":0,
			"0":0,
			"87":0
		} 
	},
	{
		"serviceName":"wa",
		"lang":"Whatsapp",
		"forward":0,
		"price":{
			"73":14.50,
			"117":23,
			"87":28
		} 
	},
	{
		"serviceName":"vi",
		"lang":"Viber",
		"forward":0,
		"price":{
			"73":0,
			"0":0,
			"87":0
		} 
	},
	{
		"serviceName":"tg",
		"lang":"Telegram",
		"forward":0,
		"price":{
			"73":3.50,
			"0":0,
			"87":0
		} 
	},
	{
		"serviceName":"wb",
		"lang":"WeChat",
		"forward":0,
		"price":{
			"73":0,
			"0":0,
			"87":0
		} 
	},
	{
		"serviceName":"go",
		"lang":"Google,youtube,Gmail",
		"forward":0,
		"price":{
			"73":0,
			"0":0,
			"87":0
		} 
	},
	{
		"serviceName":"av",
		"lang":"avito",
		"forward":0,
		"price":{
			"73":0,
			"0":0,
			"87":0
		} 
	},
	{
		"serviceName":"av",
		"lang":"avito call forwarding",
		"forward":1,
		"price":{
			"73":0,
			"0":0,
			"87":0
		} 
	},
	{
		"serviceName":"fb",
		"lang":"facebook",
		"forward":0,
		"price":{
			"73":0,
			"0":0,
			"87":0
		} 
	},
	{
		"serviceName":"tw",
		"lang":"Twitter",
		"forward":0,
		"price":{
			"73":0,
			"0":0,
			"87":0
		} 
	},
	{
		"serviceName":"ub",
		"lang":"Uber",
		"forward":0,
		"price":{
			"73":0,
			"0":0,
			"87":0
		} 
	},
	{
		"serviceName":"pd",
		"lang":"ifood",
		"forward":0,
		"price":{
			"73":5.80,
			"0":0,
			"87":0
		} 
	},
	{
		"serviceName":"sn",
		"lang":"OLX",
		"forward":0,
		"price":{
			"73":0,
			"0":0,
			"87":0
		} 
	},
	{
		"serviceName":"ig",
		"lang":"Instagram",
		"forward":0,
		"price":{
			"73":5.70,
			"0":0,
			"87":0
		} 
	},
	{
		"serviceName":"ss",
		"lang":"hezzl",
		"forward":0,
		"price":{
			"73":0,
			"0":0,
			"87":0
		} 
	},
	{
		"serviceName":"ym",
		"lang":"youla.ru",
		"forward":0,
		"price":{
			"73":0,
			"0":0,
			"87":0
		} 
	},
	{
		"serviceName":"ym",
		"lang":"youla.ru call forwarding",
		"forward":1,
		"price":{
			"73":0,
			"0":0,
			"87":0
		} 
	},
	{
		"serviceName":"ma",
		"lang":"Mail.ru",
		"forward":0,
		"price":{
			"73":0,
			"0":0,
			"87":0
		} 
	},
	{
		"serviceName":"mm",
		"lang":"Microsoft",
		"forward":0,
		"price":{
			"73":0,
			"0":0,
			"87":0
		} 
	},
	{
		"serviceName":"uk",
		"lang":"Airbnb",
		"forward":0,
		"price":{
			"73":0,
			"0":0,
			"87":0
		} 
	},
	{
		"serviceName":"me",
		"lang":"Line messenger",
		"forward":0,
		"price":{
			"73":0,
			"0":0,
			"87":0
		} 
	},
	{
		"serviceName":"mb",
		"lang":"Yahoo",
		"forward":0,
		"price":{
			"73":0,
			"0":0,
			"87":0
		} 
	},
	{
		"serviceName":"we",
		"lang":"DrugVokrug",
		"forward":0,
		"price":{
			"73":0,
			"0":0,
			"87":0
		} 
	},
	{
		"serviceName":"bd",
		"lang":"5ka.ru",
		"forward":0,
		"price":{
			"73":0,
			"0":0,
			"87":0
		} 
	},
	{
		"serviceName":"kp",
		"lang":"HQ Trivia",
		"forward":0,
		"price":{
			"73":0,
			"0":0,
			"87":0
		} 
	},
	{
		"serviceName":"dt",
		"lang":"Delivery Club",
		"forward":0,
		"price":{
			"73":0,
			"0":0,
			"87":0
		} 
	},
	{
		"serviceName":"ya",
		"lang":"Yandex",
		"forward":0,
		"price":{
			"73":0,
			"0":0,
			"87":0
		} 
	},
	{
		"serviceName":"ya",
		"lang":"Yandex call forwarding",
		"forward":1,
		"price":{
			"73":0,
			"0":0,
			"87":0
		} 
	},
	{
		"serviceName":"mt",
		"lang":"Steam",
		"forward":0,
		"price":{
			"73":0,
			"0":0,
			"87":0
		} 
	},
	{
		"serviceName":"oi",
		"lang":"Tinder",
		"forward":0,
		"price":{
			"73":0,
			"0":0,
			"87":0
		} 
	},
	{
		"serviceName":"fd",
		"lang":"Mamba",
		"forward":0,
		"price":{
			"73":0,
			"0":0,
			"87":0
		} 
	},
	{
		"serviceName":"zz",
		"lang":"DENT",
		"forward":0,
		"price":{
			"73":0,
			"0":0,
			"87":0
		} 
	},
	{
		"serviceName":"kt",
		"lang":"KakaoTalk",
		"forward":0,
		"price":{
			"73":0,
			"0":0,
			"87":0
		} 
	},
	{
		"serviceName":"pm",
		"lang":"AOL",
		"forward":0,
		"price":{
			"73":0,
			"0":0,
			"87":0
		} 
	},
	{
		"serviceName":"tn",
		"lang":"LinkedIN",
		"forward":0,
		"price":{
			"73":0,
			"0":0,
			"87":0
		} 
	},
	{
		"serviceName":"qq",
		"lang":"Tencent QQ",
		"forward":0,
		"price":{
			"73":0,
			"0":0,
			"87":0
		} 
	},
	{
		"serviceName":"mg",
		"lang":"Magnit",
		"forward":0,
		"price":{
			"73":0,
			"0":0,
			"87":0
		} 
	},
	{
		"serviceName":"pf",
		"lang":"pof.com",
		"forward":0,
		"price":{
			"73":0,
			"0":0,
			"87":0
		} 
	},
	{
		"serviceName":"yl",
		"lang":"Yalla",
		"forward":0,
		"price":{
			"73":0,
			"0":0,
			"87":0
		} 
	},
	{
		"serviceName":"kl",
		"lang":"kolesa.kz",
		"forward":0,
		"price":{
			"73":0,
			"0":0,
			"87":0
		} 
	},
	{
		"serviceName":"po",
		"lang":"premium.one",
		"forward":0,
		"price":{
			"73":0,
			"0":0,
			"87":0
		} 
	},
	{
		"serviceName":"nv",
		"lang":"Naver",
		"forward":0,
		"price":{
			"73":0,
			"0":0,
			"87":0
		} 
	},
	{
		"serviceName":"nf",
		"lang":"Netflix",
		"forward":0,
		"price":{
			"73":0,
			"0":0,
			"87":0
		} 
	},
	{
		"serviceName":"iq",
		"lang":"icq",
		"forward":0,
		"price":{
			"73":0,
			"0":0,
			"87":0
		} 
	},
	{
		"serviceName":"ob",
		"lang":"Onlinerby",
		"forward":0,
		"price":{
			"73":0,
			"0":0,
			"87":0
		} 
	},
	{
		"serviceName":"kb",
		"lang":"kufarby",
		"forward":0,
		"price":{
			"73":0,
			"0":0,
			"87":0
		} 
	},
	{
		"serviceName":"im",
		"lang":"Imo",
		"forward":0,
		"price":{
			"73":0,
			"0":0,
			"87":0
		} 
	},
	{
		"serviceName":"mc",
		"lang":"Michat",
		"forward":0,
		"price":{
			"73":0,
			"0":0,
			"87":0
		} 
	},
	{
		"serviceName":"ds",
		"lang":"Discord",
		"forward":0,
		"price":{
			"73":0,
			"0":0,
			"87":0
		} 
	},
	{
		"serviceName":"vv",
		"lang":"Seosprint",
		"forward":0,
		"price":{
			"73":0,
			"0":0,
			"87":0
		} 
	},
	{
		"serviceName":"ji",
		"lang":"Monobank",
		"forward":0,
		"price":{
			"73":0,
			"0":0,
			"87":0
		} 
	},
	{
		"serviceName":"lf",
		"lang":"TikTok\/Douyin",
		"forward":0,
		"price":{
			"73":5.50,
			"0":0,
			"87":0
		} 
	},
	{
		"serviceName":"hu",
		"lang":"Ukrnet",
		"forward":0,
		"price":{
			"73":0,
			"0":0,
			"87":0
		} 
	},
	{
		"serviceName":"wg",
		"lang":"Skout",
		"forward":0,
		"price":{
			"73":0,
			"0":0,
			"87":0
		} 
	},
	{
		"serviceName":"rz",
		"lang":"EasyPay",
		"forward":0,
		"price":{
			"73":0,
			"0":0,
			"87":0
		} 
	},
	{
		"serviceName":"vf",
		"lang":"Q12 Trivia",
		"forward":0,
		"price":{
			"73":0,
			"0":0,
			"87":0
		} 
	},
	{
		"serviceName":"ny",
		"lang":"Pyro Music",
		"forward":0,
		"price":{
			"73":0,
			"0":0,
			"87":0
		} 
	},
	{
		"serviceName":"rr",
		"lang":"Wolt",
		"forward":0,
		"price":{
			"73":0,
			"0":0,
			"87":0
		} 
	},
	{
		"serviceName":"fe",
		"lang":"CliQQ",
		"forward":0,
		"price":{
			"73":0,
			"0":0,
			"87":0
		} 
	},
	{
		"serviceName":"la",
		"lang":"ssoidnet",
		"forward":0,
		"price":{
			"73":0,
			"0":0,
			"87":0
		} 
	},
	{
		"serviceName":"zh",
		"lang":"Zoho",
		"forward":0,
		"price":{
			"73":0,
			"0":0,
			"87":0
		} 
	},
	{
		"serviceName":"gp",
		"lang":"Ticketmaster",
		"forward":0,
		"price":{
			"73":0,
			"0":0,
			"87":0
		} 
	},
	{
		"serviceName":"am",
		"lang":"Amazon",
		"forward":0,
		"price":{
			"73":5.50,
			"0":0,
			"87":0
		} 
	},
	{
		"serviceName":"ly",
		"lang":"Olacabs",
		"forward":0,
		"price":{
			"73":0,
			"0":0,
			"87":0
		} 
	},
	{
		"serviceName":"tc",
		"lang":"Rambler",
		"forward":0,
		"price":{
			"73":0,
			"0":0,
			"87":0
		} 
	},
	{
		"serviceName":"dp",
		"lang":"ProtonMail",
		"forward":0,
		"price":{
			"73":0,
			"0":0,
			"87":0
		} 
	},
	{
		"serviceName":"pg",
		"lang":"NRJ Music Awards",
		"forward":0,
		"price":{
			"73":0,
			"0":0,
			"87":0
		} 
	},
	{
		"serviceName":"yf",
		"lang":"Citymobil",
		"forward":0,
		"price":{
			"73":0,
			"0":0,
			"87":0
		} 
	},
	{
		"serviceName":"op",
		"lang":"MIRATORG",
		"forward":0,
		"price":{
			"73":0,
			"0":0,
			"87":0
		} 
	},
	{
		"serviceName":"fx",
		"lang":"PGbonus",
		"forward":0,
		"price":{
			"73":0,
			"0":0,
			"87":0
		} 
	},
	{
		"serviceName":"qr",
		"lang":"MEGA",
		"forward":0,
		"price":{
			"73":0,
			"0":0,
			"87":0
		} 
	},
	{
		"serviceName":"yk",
		"lang":"\u0421\u043f\u043e\u0440\u0442\u041c\u0430\u0441\u0442\u0435\u0440",
		"forward":0,
		"price":{
			"73":0,
			"0":0,
			"87":0
		} 
	},
	{
		"serviceName":"ls",
		"lang":"Careem",
		"forward":0,
		"price":{
			"73":0,
			"0":0,
			"87":0
		} 
	},
	{
		"serviceName":"bl",
		"lang":"BIGO LIVE",
		"forward":0,
		"price":{
			"73":0,
			"0":0,
			"87":0
		} 
	},
	{
		"serviceName":"mu",
		"lang":"MyMusicTaste",
		"forward":0,
		"price":{
			"73":0,
			"0":0,
			"87":0
		} 
	},
	{
		"serviceName":"fu",
		"lang":"Snapchat",
		"forward":0,
		"price":{
			"73":0,
			"0":0,
			"87":0
		} 
	},
	{
		"serviceName":"bf",
		"lang":"Keybase ",
		"forward":0,
		"price":{
			"73":0,
			"0":0,
			"87":0
		} 
	},
	{
		"serviceName":"sg",
		"lang":"OZON",
		"forward":0,
		"price":{
			"73":0,
			"0":0,
			"87":0
		} 
	},
	{
		"serviceName":"uu",
		"lang":"Wildberries",
		"forward":0,
		"price":{
			"73":0,
			"0":0,
			"87":0
		} 
	},
	{
		"serviceName":"ua",
		"lang":"BlaBlaCar",
		"forward":0,
		"price":{
			"73":0,
			"0":0,
			"87":0
		} 
	},
	{
		"serviceName":"ab",
		"lang":"Alibaba",
		"forward":0,
		"price":{
			"73":0,
			"0":0,
			"87":0
		} 
	},
	{
		"serviceName":"iv",
		"lang":"Inboxlv",
		"forward":0,
		"price":{
			"73":0,
			"0":0,
			"87":0
		} 
	},
	{
		"serviceName":"zy",
		"lang":"Nttgame",
		"forward":0,
		"price":{
			"73":0,
			"0":0,
			"87":0
		} 
	},
	{
		"serviceName":"gd",
		"lang":"Surveytime",
		"forward":0,
		"price":{
			"73":0,
			"0":0,
			"87":0
		} 
	},
	{
		"serviceName":"fy",
		"lang":"Mylove",
		"forward":0,
		"price":{
			"73":0,
			"0":0,
			"87":0
		} 
	},
	{
		"serviceName":"ce",
		"lang":"mosru",
		"forward":0,
		"price":{
			"73":0,
			"0":0,
			"87":0
		} 
	},
	{
		"serviceName":"tl",
		"lang":"Truecaller",
		"forward":0,
		"price":{
			"73":0,
			"0":0,
			"87":0
		} 
	},
	{
		"serviceName":"hm",
		"lang":"Globus",
		"forward":0,
		"price":{
			"73":0,
			"0":0,
			"87":0
		} 
	},
	{
		"serviceName":"tx",
		"lang":"Bolt",
		"forward":0,
		"price":{
			"73":0,
			"0":0,
			"87":0
		} 
	},
	{
		"serviceName":"ka",
		"lang":"Shopee",
		"forward":0,
		"price":{
			"73":5.50,
			"0":0,
			"87":0
		} 
	},
	{
		"serviceName":"pl",
		"lang":"\u041f\u0435\u0440\u0435\u043a\u0440\u0435\u0441\u0442\u043e\u043a",
		"forward":0,
		"price":{
			"73":0,
			"0":0,
			"87":0
		} 
	},
	{
		"serviceName":"ip",
		"lang":"Burger King",
		"forward":0,
		"price":{
			"73":0,
			"0":0,
			"87":0
		} 
	},
	{
		"serviceName":"cm",
		"lang":"Prom",
		"forward":0,
		"price":{
			"73":0,
			"0":0,
			"87":0
		} 
	},
	{
		"serviceName":"hw",
		"lang":"AliPay",
		"forward":0,
		"price":{
			"73":0,
			"0":0,
			"87":0
		} 
	},
	{
		"serviceName":"de",
		"lang":"Karusel",
		"forward":0,
		"price":{
			"73":0,
			"0":0,
			"87":0
		} 
	},
	{
		"serviceName":"jc",
		"lang":"IVI",
		"forward":0,
		"price":{
			"73":0,
			"0":0,
			"87":0
		} 
	},
	{
		"serviceName":"rl",
		"lang":"inDriver",
		"forward":0,
		"price":{
			"73":0,
			"0":0,
			"87":0
		} 
	},
	{
		"serviceName":"df",
		"lang":"Happn",
		"forward":0,
		"price":{
			"73":0,
			"0":0,
			"87":0
		} 
	},
	{
		"serviceName":"ui",
		"lang":"RuTube",
		"forward":0,
		"price":{
			"73":0,
			"0":0,
			"87":0
		} 
	},
	{
		"serviceName":"up",
		"lang":"Magnolia",
		"forward":0,
		"price":{
			"73":0,
			"0":0,
			"87":0
		} 
	},
	{
		"serviceName":"nz",
		"lang":"Foodpanda",
		"forward":0,
		"price":{
			"73":0,
			"0":0,
			"87":0
		} 
	},
	{
		"serviceName":"kf",
		"lang":"Weibo",
		"forward":0,
		"price":{
			"73":0,
			"0":0,
			"87":0
		} 
	},
	{
		"serviceName":"ri",
		"lang":"BillMill",
		"forward":0,
		"price":{
			"73":0,
			"0":0,
			"87":0
		} 
	},
	{
		"serviceName":"cc",
		"lang":"Quipp",
		"forward":0,
		"price":{
			"73":0,
			"0":0,
			"87":0
		} 
	},
	{
		"serviceName":"lr",
		"lang":"Okta",
		"forward":0,
		"price":{
			"73":0,
			"0":0,
			"87":0
		} 
	},
	{
		"serviceName":"za",
		"lang":"JDcom",
		"forward":0,
		"price":{
			"73":0,
			"0":0,
			"87":0
		} 
	},
	{
		"serviceName":"da",
		"lang":"MTS CashBack",
		"forward":0,
		"price":{
			"73":0,
			"0":0,
			"87":0
		} 
	},
	{
		"serviceName":"ug",
		"lang":"Fiqsy",
		"forward":0,
		"price":{
			"73":0,
			"0":0,
			"87":0
		} 
	},
	{
		"serviceName":"sq",
		"lang":"KuCoinPlay",
		"forward":0,
		"price":{
			"73":0,
			"0":0,
			"87":0
		} 
	},
	{
		"serviceName":"zr",
		"lang":"Papara",
		"forward":0,
		"price":{
			"73":0,
			"0":0,
			"87":0
		} 
	},
	{
		"serviceName":"xv",
		"lang":"Wish",
		"forward":0,
		"price":{
			"73":0,
			"0":0,
			"87":0
		} 
	},
	{
		"serviceName":"cx",
		"lang":"Icrypex",
		"forward":0,
		"price":{
			"73":0,
			"0":0,
			"87":0
		} 
	},
	{
		"serviceName":"cw",
		"lang":"PaddyPower",
		"forward":0,
		"price":{
			"73":0,
			"0":0,
			"87":0
		} 
	},
	{
		"serviceName":"li",
		"lang":"Baidu",
		"forward":0,
		"price":{
			"73":0,
			"0":0,
			"87":0
		} 
	},
	{
		"serviceName":"dz",
		"lang":"Dominos Pizza",
		"forward":0,
		"price":{
			"73":0,
			"0":0,
			"87":0
		} 
	},
	{
		"serviceName":"xz",
		"lang":"paycell",
		"forward":0,
		"price":{
			"73":0,
			"0":0,
			"87":0
		} 
	},
	{
		"serviceName":"rd",
		"lang":"Lenta",
		"forward":0,
		"price":{
			"73":0,
			"0":0,
			"87":0
		} 
	},
	{
		"serviceName":"qb",
		"lang":"Payberry",
		"forward":0,
		"price":{
			"73":0,
			"0":0,
			"87":0
		} 
	},
	{
		"serviceName":"hz",
		"lang":"Drom",
		"forward":0,
		"price":{
			"73":0,
			"0":0,
			"87":0
		} 
	},
	{
		"serviceName":"gl",
		"lang":"GlobalTel",
		"forward":0,
		"price":{
			"73":0,
			"0":0,
			"87":0
		} 
	},
	{
		"serviceName":"zk",
		"lang":"Deliveroo",
		"forward":0,
		"price":{
			"73":0,
			"0":0,
			"87":0
		} 
	},
	{
		"serviceName":"ia",
		"lang":"Socios",
		"forward":0,
		"price":{
			"73":0,
			"0":0,
			"87":0
		} 
	},
	{
		"serviceName":"xl",
		"lang":"Wmaraci",
		"forward":0,
		"price":{
			"73":0,
			"0":0,
			"87":0
		} 
	},
	{
		"serviceName":"yi",
		"lang":"Yemeksepeti",
		"forward":0,
		"price":{
			"73":0,
			"0":0,
			"87":0
		} 
	},
	{
		"serviceName":"ew",
		"lang":"Nike",
		"forward":0,
		"price":{
			"73":0,
			"0":0,
			"87":0
		} 
	},
	{
		"serviceName":"ae",
		"lang":"myGLO",
		"forward":0,
		"price":{
			"73":0,
			"0":0,
			"87":0
		} 
	},
	{
		"serviceName":"gb",
		"lang":"YouStar",
		"forward":0,
		"price":{
			"73":0,
			"0":0,
			"87":0
		} 
	},
	{
		"serviceName":"cy",
		"lang":"\u0420\u0421\u0410",
		"forward":0,
		"price":{
			"73":0,
			"0":0,
			"87":0
		} 
	},
	{
		"serviceName":"qm",
		"lang":"RosaKhutor",
		"forward":0,
		"price":{
			"73":0,
			"0":0,
			"87":0
		} 
	},
	{
		"serviceName":"dh",
		"lang":"eBay",
		"forward":0,
		"price":{
			"73":0,
			"0":0,
			"87":0
		} 
	},
	{
		"serviceName":"yb",
		"lang":"\u0421\u0438\u0441\u0442\u0435\u043c\u0430 \u0413\u043e\u0440\u043e\u0434",
		"forward":0,
		"price":{
			"73":0,
			"0":0,
			"87":0
		} 
	},
	{
		"serviceName":"qe",
		"lang":"GG",
		"forward":0,
		"price":{
			"73":0,
			"0":0,
			"87":0
		} 
	},
	{
		"serviceName":"yw",
		"lang":"Grindr",
		"forward":0,
		"price":{
			"73":0,
			"0":0,
			"87":0
		} 
	},
	{
		"serviceName":"uz",
		"lang":"OffGamers",
		"forward":0,
		"price":{
			"73":0,
			"0":0,
			"87":0
		} 
	},
	{
		"serviceName":"gx",
		"lang":"Hepsiburadacom",
		"forward":0,
		"price":{
			"73":0,
			"0":0,
			"87":0
		} 
	},
	{
		"serviceName":"re",
		"lang":"Coinbase",
		"forward":0,
		"price":{
			"73":0,
			"0":0,
			"87":0
		} 
	},
	{
		"serviceName":"tj",
		"lang":"dbrUA",
		"forward":0,
		"price":{
			"73":0,
			"0":0,
			"87":0
		} 
	},
	{
		"serviceName":"ts",
		"lang":"PayPal",
		"forward":0,
		"price":{
			"73":0,
			"0":0,
			"87":0
		} 
	},
	{
		"serviceName":"rt",
		"lang":"hily",
		"forward":0,
		"price":{
			"73":0,
			"0":0,
			"87":0
		} 
	},
	{
		"serviceName":"sf",
		"lang":"SneakersnStuff",
		"forward":0,
		"price":{
			"73":0,
			"0":0,
			"87":0
		} 
	},
	{
		"serviceName":"sv",
		"lang":"Dostavista",
		"forward":0,
		"price":{
			"73":0,
			"0":0,
			"87":0
		} 
	},
	{
		"serviceName":"qi",
		"lang":"32red",
		"forward":0,
		"price":{
			"73":0,
			"0":0,
			"87":0
		} 
	},
	{
		"serviceName":"bz",
		"lang":"Blizzard",
		"forward":0,
		"price":{
			"73":0,
			"0":0,
			"87":0
		} 
	},
	{
		"serviceName":"db",
		"lang":"ezbuy",
		"forward":0,
		"price":{
			"73":0,
			"0":0,
			"87":0
		} 
	},
	{
		"serviceName":"vw",
		"lang":"CoinField",
		"forward":0,
		"price":{
			"73":0,
			"0":0,
			"87":0
		} 
	},
	{
		"serviceName":"zl",
		"lang":"Airtel",
		"forward":0,
		"price":{
			"73":0,
			"0":0,
			"87":0
		} 
	},
	{
		"serviceName":"wf",
		"lang":"YandexGo",
		"forward":0,
		"price":{
			"73":0,
			"0":0,
			"87":0
		} 
	},
	{
		"serviceName":"lw",
		"lang":"MrGreen",
		"forward":0,
		"price":{
			"73":0,
			"0":0,
			"87":0
		} 
	},
	{
		"serviceName":"co",
		"lang":"Rediffmail",
		"forward":0,
		"price":{
			"73":0,
			"0":0,
			"87":0
		} 
	},
	{
		"serviceName":"ey",
		"lang":"miloan",
		"forward":0,
		"price":{
			"73":0,
			"0":0,
			"87":0
		} 
	},
	{
		"serviceName":"ge",
		"lang":"Paytm",
		"forward":0,
		"price":{
			"73":0,
			"0":0,
			"87":0
		} 
	},
	{
		"serviceName":"os",
		"lang":"Dhani",
		"forward":0,
		"price":{
			"73":0,
			"0":0,
			"87":0
		} 
	},
	{
		"serviceName":"ql",
		"lang":"CMTcuzdan",
		"forward":0,
		"price":{
			"73":0,
			"0":0,
			"87":0
		} 
	},
	{
		"serviceName":"cq",
		"lang":"Mercado Livre",
		"forward":0,
		"price":{
			"73":0,
			"0":0,
			"87":0
		} 
	},
	{
		"serviceName":"xk",
		"lang":"DiDi",
		"forward":0,
		"price":{
			"73":0,
			"0":0,
			"87":0
		} 
	},
	{
		"serviceName":"py",
		"lang":"Monese",
		"forward":0,
		"price":{
			"73":0,
			"0":0,
			"87":0
		} 
	},
	{
		"serviceName":"rv",
		"lang":"Kotak811",
		"forward":0,
		"price":{
			"73":0,
			"0":0,
			"87":0
		} 
	},
	{
		"serviceName":"jl",
		"lang":"Hopi",
		"forward":0,
		"price":{
			"73":0,
			"0":0,
			"87":0
		} 
	},
	{
		"serviceName":"pr",
		"lang":"Trendyol",
		"forward":0,
		"price":{
			"73":0,
			"0":0,
			"87":0
		} 
	},
	{
		"serviceName":"pu",
		"lang":"Justdating",
		"forward":0,
		"price":{
			"73":0,
			"0":0,
			"87":0
		} 
	},
	{
		"serviceName":"dk",
		"lang":"Pairs",
		"forward":0,
		"price":{
			"73":0,
			"0":0,
			"87":0
		} 
	},
	{
		"serviceName":"fm",
		"lang":"Touchance",
		"forward":0,
		"price":{
			"73":0,
			"0":0,
			"87":0
		} 
	},
	{
		"serviceName":"ph",
		"lang":"SnappFood",
		"forward":0,
		"price":{
			"73":0,
			"0":0,
			"87":0
		} 
	},
	{
		"serviceName":"sw",
		"lang":"NCsoft",
		"forward":0,
		"price":{
			"73":0,
			"0":0,
			"87":0
		} 
	},
	{
		"serviceName":"nr",
		"lang":"Tosla",
		"forward":0,
		"price":{
			"73":0,
			"0":0,
			"87":0
		} 
	},
	{
		"serviceName":"hy",
		"lang":"Ininal",
		"forward":0,
		"price":{
			"73":0,
			"0":0,
			"87":0
		} 
	},
	{
		"serviceName":"tr",
		"lang":"Paysend",
		"forward":0,
		"price":{
			"73":0,
			"0":0,
			"87":0
		} 
	},
	{
		"serviceName":"pq",
		"lang":"CDkeys",
		"forward":0,
		"price":{
			"73":0,
			"0":0,
			"87":0
		} 
	},
	{
		"serviceName":"ff",
		"lang":"AVON",
		"forward":0,
		"price":{
			"73":0,
			"0":0,
			"87":0
		} 
	},
	{
		"serviceName":"sd",
		"lang":"dodopizza",
		"forward":0,
		"price":{
			"73":0,
			"0":0,
			"87":0
		} 
	},
	{
		"serviceName":"ry",
		"lang":"McDonalds",
		"forward":0,
		"price":{
			"73":0,
			"0":0,
			"87":0
		} 
	},
	{
		"serviceName":"le",
		"lang":"E bike Gewinnspiel",
		"forward":0,
		"price":{
			"73":0,
			"0":0,
			"87":0
		} 
	},
	{
		"serviceName":"hr",
		"lang":"JKF",
		"forward":0,
		"price":{
			"73":0,
			"0":0,
			"87":0
		} 
	},
	{
		"serviceName":"qa",
		"lang":"MyFishka",
		"forward":0,
		"price":{
			"73":0,
			"0":0,
			"87":0
		} 
	},
	{
		"serviceName":"wc",
		"lang":"Craigslist",
		"forward":0,
		"price":{
			"73":0,
			"0":0,
			"87":0
		} 
	},
	{
		"serviceName":"kw",
		"lang":"Foody",
		"forward":0,
		"price":{
			"73":0,
			"0":0,
			"87":0
		} 
	},
	{
		"serviceName":"jg",
		"lang":"Grab",
		"forward":0,
		"price":{
			"73":0,
			"0":0,
			"87":0
		} 
	},
	{
		"serviceName":"mj",
		"lang":"Zalo",
		"forward":0,
		"price":{
			"73":0,
			"0":0,
			"87":0
		} 
	},
	{
		"serviceName":"eu",
		"lang":"LiveScore",
		"forward":0,
		"price":{
			"73":0,
			"0":0,
			"87":0
		} 
	},
	{
		"serviceName":"ll",
		"lang":"888casino",
		"forward":0,
		"price":{
			"73":0,
			"0":0,
			"87":0
		} 
	},
	{
		"serviceName":"ed",
		"lang":"Gamer",
		"forward":0,
		"price":{
			"73":0,
			"0":0,
			"87":0
		} 
	},
	{
		"serviceName":"pp",
		"lang":"Huya",
		"forward":0,
		"price":{
			"73":0,
			"0":0,
			"87":0
		} 
	},
	{
		"serviceName":"th",
		"lang":"WestStein",
		"forward":0,
		"price":{
			"73":0,
			"0":0,
			"87":0
		} 
	},
	{
		"serviceName":"xr",
		"lang":"Tango",
		"forward":0,
		"price":{
			"73":0,
			"0":0,
			"87":0
		} 
	},
	{
		"serviceName":"iz",
		"lang":"Global24",
		"forward":0,
		"price":{
			"73":0,
			"0":0,
			"87":0
		} 
	},
	{
		"serviceName":"tk",
		"lang":"\u041c\u0412\u0438\u0434\u0435\u043e",
		"forward":0,
		"price":{
			"73":0,
			"0":0,
			"87":0
		} 
	},
	{
		"serviceName":"vg",
		"lang":"ShellBox",
		"forward":0,
		"price":{
			"73":5.50,
			"0":0,
			"87":0
		} 
	},
	{
		"serviceName":"ki",
		"lang":"99app",
		"forward":0,
		"price":{
			"73":3.80,
			"0":0,
			"87":0
		} 
	},
	{
		"serviceName":"my",
		"lang":"CAIXA",
		"forward":0,
		"price":{
			"73":0,
			"0":0,
			"87":0
		} 
	},
	{
		"serviceName":"zm",
		"lang":"OfferUp",
		"forward":0,
		"price":{
			"73":0,
			"0":0,
			"87":0
		} 
	},
	{
		"serviceName":"tq",
		"lang":"Swvl",
		"forward":0,
		"price":{
			"73":0,
			"0":0,
			"87":0
		} 
	},
	{
		"serviceName":"au",
		"lang":"Haraj",
		"forward":0,
		"price":{
			"73":0,
			"0":0,
			"87":0
		} 
	},
	{
		"serviceName":"ei",
		"lang":"Taksheel",
		"forward":0,
		"price":{
			"73":0,
			"0":0,
			"87":0
		} 
	},
	{
		"serviceName":"rp",
		"lang":"hamrahaval",
		"forward":0,
		"price":{
			"73":0,
			"0":0,
			"87":0
		} 
	},
	{
		"serviceName":"pa",
		"lang":"Gamekit",
		"forward":0,
		"price":{
			"73":0,
			"0":0,
			"87":0
		} 
	},
	{
		"serviceName":"fs",
		"lang":" \u015eikayet var",
		"forward":0,
		"price":{
			"73":0,
			"0":0,
			"87":0
		} 
	},
	{
		"serviceName":"ul",
		"lang":"Getir",
		"forward":0,
		"price":{
			"73":0,
			"0":0,
			"87":0
		} 
	},
	{
		"serviceName":"cf",
		"lang":"irancell",
		"forward":0,
		"price":{
			"73":0,
			"0":0,
			"87":0
		} 
	},
	{
		"serviceName":"bt",
		"lang":"Alfa",
		"forward":0,
		"price":{
			"73":0,
			"0":0,
			"87":0
		} 
	},
	{
		"serviceName":"ud",
		"lang":"Disney Hotstar",
		"forward":0,
		"price":{
			"73":0,
			"0":0,
			"87":0
		} 
	},
	{
		"serviceName":"qu",
		"lang":"Agroinform",
		"forward":0,
		"price":{
			"73":0,
			"0":0,
			"87":0
		} 
	},
	{
		"serviceName":"un",
		"lang":"humblebundle",
		"forward":0,
		"price":{
			"73":0,
			"0":0,
			"87":0
		} 
	},
	{
		"serviceName":"rm",
		"lang":"Faberlic",
		"forward":0,
		"price":{
			"73":0,
			"0":0,
			"87":0
		} 
	},
	{
		"serviceName":"uo",
		"lang":"CafeBazaar",
		"forward":0,
		"price":{
			"73":0,
			"0":0,
			"87":0
		} 
	},
	{
		"serviceName":"ti",
		"lang":"cryptocom",
		"forward":0,
		"price":{
			"73":0,
			"0":0,
			"87":0
		} 
	},
	{
		"serviceName":"nk",
		"lang":"Gittigidiyor",
		"forward":0,
		"price":{
			"73":0,
			"0":0,
			"87":0
		} 
	},
	{
		"serviceName":"jm",
		"lang":"mzadqatar",
		"forward":0,
		"price":{
			"73":0,
			"0":0,
			"87":0
		} 
	},
	{
		"serviceName":"lp",
		"lang":"Algida",
		"forward":0,
		"price":{
			"73":0,
			"0":0,
			"87":0
		} 
	},
	{
		"serviceName":"si",
		"lang":"Cita Previa",
		"forward":0,
		"price":{
			"73":0,
			"0":0,
			"87":0
		} 
	},
	{
		"serviceName":"fj",
		"lang":"Potato Chat",
		"forward":0,
		"price":{
			"73":0,
			"0":0,
			"87":0
		} 
	},
	{
		"serviceName":"ht",
		"lang":"Bitso",
		"forward":0,
		"price":{
			"73":3.70,
			"0":0,
			"87":0
		} 
	},
	{
		"serviceName":"qc",
		"lang":"\u041f\u0440\u0430\u0439\u043c\u0435\u0440\u0438\u0437 2020",
		"forward":0,
		"price":{
			"73":0,
			"0":0,
			"87":0
		} 
	},
	{
		"serviceName":"yo",
		"lang":"Amasia",
		"forward":0,
		"price":{
			"73":0,
			"0":0,
			"87":0
		} 
	},
	{
		"serviceName":"fx",
		"lang":"PGbonus <small>call forwarding<\/small>",
		"forward":1,
		"price":{
			"73":0,
			"0":0,
			"87":0
		} 
	},
	{
		"serviceName":"ve",
		"lang":"Dream11",
		"forward":0,
		"price":{
			"73":0,
			"0":0,
			"87":0
		} 
	},
	{
		"serviceName":"qh",
		"lang":"Oriflame",
		"forward":0,
		"price":{
			"73":0,
			"0":0,
			"87":0
		} 
	},
	{
		"serviceName":"iu",
		"lang":"Bykea",
		"forward":0,
		"price":{
			"73":0,
			"0":0,
			"87":0
		} 
	},
	{
		"serviceName":"ib",
		"lang":"Immowelt",
		"forward":0,
		"price":{
			"73":0,
			"0":0,
			"87":0
		} 
	},
	{
		"serviceName":"zv",
		"lang":"Digikala",
		"forward":0,
		"price":{
			"73":0,
			"0":0,
			"87":0
		} 
	},
	{
		"serviceName":"jb",
		"lang":"Wing Money",
		"forward":0,
		"price":{
			"73":0,
			"0":0,
			"87":0
		} 
	},
	{
		"serviceName":"vn",
		"lang":"Yaay",
		"forward":0,
		"price":{
			"73":0,
			"0":0,
			"87":0
		} 
	},
	{
		"serviceName":"wn",
		"lang":"GameArena",
		"forward":0,
		"price":{
			"73":0,
			"0":0,
			"87":0
		} 
	},
	{
		"serviceName":"bj",
		"lang":"\u0412\u0438\u0442\u0430 \u044d\u043a\u0441\u043f\u0440\u0435\u0441\u0441",
		"forward":0,
		"price":{
			"73":0,
			"0":0,
			"87":0
		} 
	},
	{
		"serviceName":"st",
		"lang":"Auchan",
		"forward":0,
		"price":{
			"73":0,
			"0":0,
			"87":0
		} 
	},
	{
		"serviceName":"ev",
		"lang":"Picpay ",
		"forward":0,
		"price":{
			"73":0,
			"0":0,
			"87":0
		} 
	},
	{
		"serviceName":"qn",
		"lang":"Blued ",
		"forward":0,
		"price":{
			"73":0,
			"0":0,
			"87":0
		} 
	},
	{
		"serviceName":"cd",
		"lang":"SpotHit",
		"forward":0,
		"price":{
			"73":0,
			"0":0,
			"87":0
		} 
	},
	{
		"serviceName":"vo",
		"lang":"Brand20ua",
		"forward":0,
		"price":{
			"73":0,
			"0":0,
			"87":0
		} 
	},
	{
		"serviceName":"il",
		"lang":"IQOS",
		"forward":0,
		"price":{
			"73":0,
			"0":0,
			"87":0
		} 
	},
	{
		"serviceName":"dx",
		"lang":"Powerkredite",
		"forward":0,
		"price":{
			"73":0,
			"0":0,
			"87":0
		} 
	},
	{
		"serviceName":"el",
		"lang":"Bisu",
		"forward":0,
		"price":{
			"73":0,
			"0":0,
			"87":0
		} 
	},
	{
		"serviceName":"dn",
		"lang":"Paxful",
		"forward":0,
		"price":{
			"73":0,
			"0":0,
			"87":0
		} 
	},
	{
		"serviceName":"lk",
		"lang":"PurePlatfrom",
		"forward":0,
		"price":{
			"73":0,
			"0":0,
			"87":0
		} 
	},
	{
		"serviceName":"vc",
		"lang":"Banqi",
		"forward":0,
		"price":{
			"73":0,
			"0":0,
			"87":0
		} 
	},
	{
		"serviceName":"wj",
		"lang":"1\u0445bet",
		"forward":0,
		"price":{
			"73":0,
			"0":0,
			"87":0
		} 
	},
	{
		"serviceName":"wk",
		"lang":"Mobile01",
		"forward":0,
		"price":{
			"73":0,
			"0":0,
			"87":0
		} 
	},
	{
		"serviceName":"jj",
		"lang":"Aitu",
		"forward":0,
		"price":{
			"73":0,
			"0":0,
			"87":0
		} 
	},
	{
		"serviceName":"an",
		"lang":"Adidas",
		"forward":0,
		"price":{
			"73":0,
			"0":0,
			"87":0
		} 
	},
	{
		"serviceName":"jr",
		"lang":"\u0421\u0430\u043c\u043e\u043a\u0430\u0442",
		"forward":0,
		"price":{
			"73":0,
			"0":0,
			"87":0
		} 
	},
	{
		"serviceName":"nb",
		"lang":"\u0412\u0435\u0440\u043d\u044b\u0439",
		"forward":0,
		"price":{
			"73":0,
			"0":0,
			"87":0
		} 
	},
	{
		"serviceName":"gv",
		"lang":"Humta",
		"forward":0,
		"price":{
			"73":0,
			"0":0,
			"87":0
		} 
	},
	{
		"serviceName":"dw",
		"lang":"Divar",
		"forward":0,
		"price":{
			"73":0,
			"0":0,
			"87":0
		} 
	},
	{
		"serviceName":"gj",
		"lang":"Carousell",
		"forward":0,
		"price":{
			"73":0,
			"0":0,
			"87":0
		} 
	},
	{
		"serviceName":"hc",
		"lang":"MOMO",
		"forward":0,
		"price":{
			"73":0,
			"0":0,
			"87":0
		} 
	},
	{
		"serviceName":"uf",
		"lang":"Eneba",
		"forward":0,
		"price":{
			"73":0,
			"0":0,
			"87":0
		} 
	},
	{
		"serviceName":"kn",
		"lang":"Verse",
		"forward":0,
		"price":{
			"73":0,
			"0":0,
			"87":0
		} 
	},
	{
		"serviceName":"qd",
		"lang":"Taobao",
		"forward":0,
		"price":{
			"73":0,
			"0":0,
			"87":0
		} 
	},
	{
		"serviceName":"hn",
		"lang":"1688",
		"forward":0,
		"price":{
			"73":0,
			"0":0,
			"87":0
		} 
	},
	{
		"serviceName":"zf",
		"lang":"OnTaxi",
		"forward":0,
		"price":{
			"73":0,
			"0":0,
			"87":0
		} 
	},
	{
		"serviceName":"gi",
		"lang":"Hotline",
		"forward":0,
		"price":{
			"73":0,
			"0":0,
			"87":0
		} 
	},
	{
		"serviceName":"ot",
		"lang":"Outros",
		"forward":0,
		"price":{
			"73":3.80,
			"0":0,
			"87":0
		} 
	}
]